-- ============================================
-- GARBINBET - Seed Data (standalone)
-- Run AFTER 001_initial_schema.sql
-- ============================================

INSERT INTO events (id, name, date, status) VALUES
  ('e1000000-0000-4000-a000-000000000001', 'Copa Garbin de Faixa Branca I', (CURRENT_DATE + INTERVAL '14 days')::date, 'upcoming');

INSERT INTO fighters (id, name, nickname, weight_kg) VALUES
  ('f1000000-0000-4000-a000-000000000001', 'Lucas Moreira', 'Triangulo', 70.0),
  ('f1000000-0000-4000-a000-000000000002', 'Gabriel Santos', 'Berimbolo', 68.0),
  ('f1000000-0000-4000-a000-000000000003', 'Pedro Oliveira', 'Guilhotina', 75.0),
  ('f1000000-0000-4000-a000-000000000004', 'Rafael Silva', 'Kimura', 73.0),
  ('f1000000-0000-4000-a000-000000000005', 'Matheus Costa', 'Raspao', 80.0),
  ('f1000000-0000-4000-a000-000000000006', 'Bruno Almeida', 'Passador', 82.0),
  ('f1000000-0000-4000-a000-000000000007', 'Thiago Ferreira', 'Queda', 65.0),
  ('f1000000-0000-4000-a000-000000000008', 'Diego Souza', 'Montada', 67.0),
  ('f1000000-0000-4000-a000-000000000009', 'Felipe Lima', 'Guarda', 77.0),
  ('f1000000-0000-4000-a000-000000000010', 'Andre Pereira', 'Joelhada', 78.0),
  ('f1000000-0000-4000-a000-000000000011', 'Vinicius Ribeiro', 'Armlock', 72.0),
  ('f1000000-0000-4000-a000-000000000012', 'Gustavo Martins', 'Ezequiel', 69.0);

INSERT INTO fights (id, event_id, fighter_a_id, fighter_b_id, fight_order, status) VALUES
  ('aa100000-0000-4000-a000-000000000001', 'e1000000-0000-4000-a000-000000000001', 'f1000000-0000-4000-a000-000000000001', 'f1000000-0000-4000-a000-000000000002', 1, 'upcoming'),
  ('aa100000-0000-4000-a000-000000000002', 'e1000000-0000-4000-a000-000000000001', 'f1000000-0000-4000-a000-000000000003', 'f1000000-0000-4000-a000-000000000004', 2, 'upcoming'),
  ('aa100000-0000-4000-a000-000000000003', 'e1000000-0000-4000-a000-000000000001', 'f1000000-0000-4000-a000-000000000005', 'f1000000-0000-4000-a000-000000000006', 3, 'upcoming'),
  ('aa100000-0000-4000-a000-000000000004', 'e1000000-0000-4000-a000-000000000001', 'f1000000-0000-4000-a000-000000000007', 'f1000000-0000-4000-a000-000000000008', 4, 'upcoming'),
  ('aa100000-0000-4000-a000-000000000005', 'e1000000-0000-4000-a000-000000000001', 'f1000000-0000-4000-a000-000000000009', 'f1000000-0000-4000-a000-000000000010', 5, 'upcoming'),
  ('aa100000-0000-4000-a000-000000000006', 'e1000000-0000-4000-a000-000000000001', 'f1000000-0000-4000-a000-000000000011', 'f1000000-0000-4000-a000-000000000012', 6, 'upcoming');

-- Markets + Options (same as setup_completo.sql)
INSERT INTO markets (id, fight_id, type) VALUES
  ('bb100000-0000-4000-a001-000000000001', 'aa100000-0000-4000-a000-000000000001', 'winner'),
  ('bb100000-0000-4000-a001-000000000002', 'aa100000-0000-4000-a000-000000000001', 'method'),
  ('bb100000-0000-4000-a001-000000000003', 'aa100000-0000-4000-a000-000000000001', 'has_submission'),
  ('bb100000-0000-4000-a002-000000000001', 'aa100000-0000-4000-a000-000000000002', 'winner'),
  ('bb100000-0000-4000-a002-000000000002', 'aa100000-0000-4000-a000-000000000002', 'method'),
  ('bb100000-0000-4000-a002-000000000003', 'aa100000-0000-4000-a000-000000000002', 'has_submission'),
  ('bb100000-0000-4000-a003-000000000001', 'aa100000-0000-4000-a000-000000000003', 'winner'),
  ('bb100000-0000-4000-a003-000000000002', 'aa100000-0000-4000-a000-000000000003', 'method'),
  ('bb100000-0000-4000-a003-000000000003', 'aa100000-0000-4000-a000-000000000003', 'has_submission'),
  ('bb100000-0000-4000-a004-000000000001', 'aa100000-0000-4000-a000-000000000004', 'winner'),
  ('bb100000-0000-4000-a004-000000000002', 'aa100000-0000-4000-a000-000000000004', 'method'),
  ('bb100000-0000-4000-a004-000000000003', 'aa100000-0000-4000-a000-000000000004', 'has_submission'),
  ('bb100000-0000-4000-a005-000000000001', 'aa100000-0000-4000-a000-000000000005', 'winner'),
  ('bb100000-0000-4000-a005-000000000002', 'aa100000-0000-4000-a000-000000000005', 'method'),
  ('bb100000-0000-4000-a005-000000000003', 'aa100000-0000-4000-a000-000000000005', 'has_submission'),
  ('bb100000-0000-4000-a006-000000000001', 'aa100000-0000-4000-a000-000000000006', 'winner'),
  ('bb100000-0000-4000-a006-000000000002', 'aa100000-0000-4000-a000-000000000006', 'method'),
  ('bb100000-0000-4000-a006-000000000003', 'aa100000-0000-4000-a000-000000000006', 'has_submission');

INSERT INTO market_options (market_id, label) VALUES
  ('bb100000-0000-4000-a001-000000000001', 'Lucas "Triangulo" Moreira'),
  ('bb100000-0000-4000-a001-000000000001', 'Gabriel "Berimbolo" Santos'),
  ('bb100000-0000-4000-a001-000000000002', 'Finalizacao'), ('bb100000-0000-4000-a001-000000000002', 'Pontos/Decisao'), ('bb100000-0000-4000-a001-000000000002', 'DQ/Outro'),
  ('bb100000-0000-4000-a001-000000000003', 'Sim'), ('bb100000-0000-4000-a001-000000000003', 'Nao'),
  ('bb100000-0000-4000-a002-000000000001', 'Pedro "Guilhotina" Oliveira'),
  ('bb100000-0000-4000-a002-000000000001', 'Rafael "Kimura" Silva'),
  ('bb100000-0000-4000-a002-000000000002', 'Finalizacao'), ('bb100000-0000-4000-a002-000000000002', 'Pontos/Decisao'), ('bb100000-0000-4000-a002-000000000002', 'DQ/Outro'),
  ('bb100000-0000-4000-a002-000000000003', 'Sim'), ('bb100000-0000-4000-a002-000000000003', 'Nao'),
  ('bb100000-0000-4000-a003-000000000001', 'Matheus "Raspao" Costa'),
  ('bb100000-0000-4000-a003-000000000001', 'Bruno "Passador" Almeida'),
  ('bb100000-0000-4000-a003-000000000002', 'Finalizacao'), ('bb100000-0000-4000-a003-000000000002', 'Pontos/Decisao'), ('bb100000-0000-4000-a003-000000000002', 'DQ/Outro'),
  ('bb100000-0000-4000-a003-000000000003', 'Sim'), ('bb100000-0000-4000-a003-000000000003', 'Nao'),
  ('bb100000-0000-4000-a004-000000000001', 'Thiago "Queda" Ferreira'),
  ('bb100000-0000-4000-a004-000000000001', 'Diego "Montada" Souza'),
  ('bb100000-0000-4000-a004-000000000002', 'Finalizacao'), ('bb100000-0000-4000-a004-000000000002', 'Pontos/Decisao'), ('bb100000-0000-4000-a004-000000000002', 'DQ/Outro'),
  ('bb100000-0000-4000-a004-000000000003', 'Sim'), ('bb100000-0000-4000-a004-000000000003', 'Nao'),
  ('bb100000-0000-4000-a005-000000000001', 'Felipe "Guarda" Lima'),
  ('bb100000-0000-4000-a005-000000000001', 'Andre "Joelhada" Pereira'),
  ('bb100000-0000-4000-a005-000000000002', 'Finalizacao'), ('bb100000-0000-4000-a005-000000000002', 'Pontos/Decisao'), ('bb100000-0000-4000-a005-000000000002', 'DQ/Outro'),
  ('bb100000-0000-4000-a005-000000000003', 'Sim'), ('bb100000-0000-4000-a005-000000000003', 'Nao'),
  ('bb100000-0000-4000-a006-000000000001', 'Vinicius "Armlock" Ribeiro'),
  ('bb100000-0000-4000-a006-000000000001', 'Gustavo "Ezequiel" Martins'),
  ('bb100000-0000-4000-a006-000000000002', 'Finalizacao'), ('bb100000-0000-4000-a006-000000000002', 'Pontos/Decisao'), ('bb100000-0000-4000-a006-000000000002', 'DQ/Outro'),
  ('bb100000-0000-4000-a006-000000000003', 'Sim'), ('bb100000-0000-4000-a006-000000000003', 'Nao');
